category,token,value_de,value_en,type,rdc,mandatory,multiple,logic,expl_de,expl_en,tenant,,,
License Property,Accessibility compliance,Zugriff für Personen mit Einschränkungen,Accessibility compliance,de.laser.RefdataValue,y.n.o,,,,Aussagen über Zugriffmöglichkeiten für Personen mit Einschränkungen.,"An agreement that the data is provided in a form compliant with relevant accessibility (disabilities) legislation. For more information, see guidelines set forth by the World Wide Web Consortium at http://www.w3.org/wai/.",,,,
License Property,All rights reserved indicator,Hinweis auf 'Alle Rechte vorbehalten',All rights reserved indicator,de.laser.RefdataValue,y.n.o,,,,A clause stating that all intellectual property rights not explicitly granted to the licensee are retained by the licensor.,A clause stating that all intellectual property rights not explicitly granted to the licensee are retained by the licensor.,,,,
License Property,Alumni Access,Alumni Access,Alumni Access,de.laser.RefdataValue,y.n.o,,,,"Aussage darüber, ob der Zugriff auf die lizenzierten Produkte für Alumni ermöglicht wird.","Decision whether people who have completed their studies, have access.",,,,
License Property,APC Discount,Sonderkonditionen für Autoren,APC Discount,java.lang.String,,,,,Sonderkonditionen für Autoren aus teilnehmenden Einrichtungen.z. B. APC-Rabatt.,,,,,
License Property,Applicable copyright law,Urheberrechtsgesetz,Applicable copyright law,java.lang.String,,,,,Das anzuwendende Urheberrecht.,A clause that specifies the national copyright law agreed to in the contract.,,,,
License Property,Archival Copy Content,Archivkopie Form,Archival Copy Content,de.laser.RefdataValue,license.arc.archival.copy.content,,true,,"Erklärung: Aussagen über den zu erhaltenen Datenträger mit Archivmaterial, z. B. Rohdaten, inkl. Struktur, ohne DRM, inkl. Metadaten, inkl. Software.",,,,,
License Property,Archival Copy: Cost,Archivkopie Kosten,Archival Copy: Cost,de.laser.RefdataValue,license.arc.archival.copy.cost,,true,,Aussagen über die Kosten der Archivkopieerstellung.,,,,,
License Property,Archival Copy: Permission,Archivkopie Recht,Archival Copy: Permission,de.laser.RefdataValue,y.n.o,,,,"Aussage, ob ein Recht auf eine Archivkopie besteht.",,,,,
License Property,Archival Copy: Time,Archivkopie Zeitpunkt,Archival Copy: Time,de.laser.RefdataValue,license.arc.archival.copy.time,,true,,"Aussagen über den Zeitpunkt, an welchem die Archivkopie angefertigt wird.",,,,,
License Property,Archiving format,Archivdaten Übermittlungsformat,Archiving format,de.laser.RefdataValue,license.arc.archival.copy.transmission.format,,true,,,"The format of the archival content. Values should be site-definable (e.g. remote, CD-ROM).",,,,
License Property,Archiving rights,Archivrechte,Archiving rights,de.laser.RefdataValue,y.n.o,,,,"Aussage, ob ein Archivrecht besteht.",The right to permanently retain an electronic copy of the licensed materials.,,,,
License Property,Authority,Zweitveröffentlichungsrecht - Verfügungsberechtigter,Authority,de.laser.RefdataValue,authority,,true,,"Aussage darüber, wer über das Recht zur Zweitveröffentlichung verfügt.",,,,,
License Property,Authorized Users,Autorisierte Nutzer,Authorized Users,java.lang.String,,,,,"Definition, welche Personenkreise Zugriff erhalten.",The language in the contract that defines the group of users allowed to use the Electronic Product.,,,,
License Property,Branding,Branding,Branding,java.lang.String,,,,,"Aussagen über das Wasserzeichen, mit welchem das lizenzierte Material gekennzeichnet wird.",The availability of a branding feature.,,,,
License Property,Cancellation Allowance,Außerordentliche Kündigung,Cancellation Allowance,java.lang.String,,,,,"Definition, unter welchen besonderen Voraussetzungen eine Kündigung ausgesprochen werden kann.",Defines under which extraordenary circumstances an angreement can be stopped.,,,,
License Property,Change to licensed material,Änderung am Vertragsgegenstand,Change to licensed material,java.lang.String,,,,,"Definition über erlaubte oder verbotenen Veränderungen, welche am lizenzierten Material vorgenommen werden dürfen.",Defines changes which are allowed or forbidden to be made to the licensed material itself.,,,,
License Property,Citation requirement detail,Zitier-Regeln Details,Citation requirement detail,java.lang.String,,,,,,A specification of the required or recommended form of citation.,,,,
License Property,Clickwrap modification,Clickthrough,Clickwrap modification,de.laser.RefdataValue,y.n.o,,,,,"A clause indicating that the negotiated agreement supersedes any click-through, click-wrap, other user agreement, or terms of use residing on the provider's server that might otherwise function as a contract of adhesion.",,,,
License Property,Completeness of content clause,Klausel zur Vollständigkeit der Inhalte,Completeness of content clause,de.laser.RefdataValue,existence,,,,"Aussage darüber, ob das lizenzierte Material alle Inhalte einer gedruckten Fassung beinhaltet, z. B. auch Werbeanzeigen.",The presence of a provision in the contract stating that the licensed electronic materials shall include all content found in the print equivalent.,,,,
License Property,Concurrency with print version,Übereinstimmung mit Druckversion,Concurrency with print version,de.laser.RefdataValue,existence,,,,"Aussage, ob das lizenzierte Material früher als oder zeitgleich mit dem  gedruckten Material zugänglich ist  bzw. ob es aktuell gehalten wird.","The presence of a provision in the contract which states that the licensed materials will be available before, or no later than the print equivalent, and/or will be kept current.",,,,
License Property,Concurrent Access,Gleichzeitige Nutzer (Regelung),Concurrent Access,de.laser.RefdataValue,concurrent.access,,,,"Erlaubnis, mehrere, zeitlich parallele Zugriffe zu ermöglichen.",The allowance to give access to more than one user at the same time to use s. th.,,,,
License Property,Concurrent Users,Gleichzeitige Nutzer,Concurrent Users,java.lang.Integer,,,,,Anzahl der gleichzeitigen Zugriffe auf ein lizenziertes Produkt.,1. The licensed number of concurrent users for a resource. 2. The number of concurrent users if shared across an interface rather than for a specific resource.,,,,
License Property,Confidentiality of agreement,Vertraulichkeit der Vereinbarung,Confidentiality of agreement,de.laser.RefdataValue,confidentiality,,,,Festlegung zur Vertraulichkeit der Vereinbarung.,"The presence or absence of clauses that specify or detail restrictions on the sharing of the terms of the license agreement. The clause may specify terms to be held confidential, or may refer to the entire agreement. This clause may be limited by state law for U.S. public institutions.",,,,
License Property,Conformity with UrhG,Konformität mit geltendem Urheberrechtsgesetz,Conformity with UrhG,de.laser.RefdataValue,y.n.u,,,,"Gewährt die Lizenz alle Optionen, die laut UrhG gewährt werden müssen?",,,,,
License Property,Content warranty,Gewährleistung über den Inhalt,Content warranty,java.lang.String,,,,,"Aussage darüber, inwieweit sich die Qualität und Menge des lizenzierten Materials verändern darf und welche Kompensationszahlungen und Sonderkündigungsrechte möglich sind.",A clause that guarantees a remedy to the licensee if the quantity or quality of material contained within the resource is materially diminished. The clause is usually in the form of a pro-rata refund or termination right.,,,,
License Property,Continuing Access: Payment Note,Zugriffsrechte Kosten,Continuing Access: Payment Note,de.laser.RefdataValue,license.arc.payment.note,,,,Aussagen über mögliche laufende Kosten bei fortgesetztem Hosting durch den Anbieter.,,,,,
License Property,Continuing Access: Restrictions,Zugriffsrechte Einschränkungen,Continuing Access: Restrictions,de.laser.RefdataValue,y.n.o,,,,"Aussagen über Einschränkungen des Zugriffs, wenn z. B. im Post-Cancellation-Access nur ein Teil der vorher lizensierten Inhalte verfügbar ist.",,,,,
License Property,Continuing Access: Title Transfer,Zugriffsrechte Titeltransferregeln,Continuing Access: Title Transfer,de.laser.RefdataValue,license.arc.title.transfer.regulation,,,,"Aussagen über Regeln des Titeltransfers, z. B. Regelung vorhanden, keine Regelung, Transfer Code of Practice.",,,,,
License Property,Corresponding Author Identification,Autorenidentifikation,Corresponding Author Identification,de.laser.RefdataValue,license.oa.corresponding.author.identification,,true,,Aussagen über die Vorgaben zur Autorenidentifikation.,,,,,
License Property,Course pack electronic,Semesterapparat elektronisch,Course pack electronic,de.laser.RefdataValue,permissions,,,,Das Recht elektronische Kopien des lizensierten Materials für Semesterapparate zur Verfügung zu stellen.,The right to use licensed materials in collections or compilations of materials assembled in an electronic format by faculty members for use by students in a class for purposes of instruction.,,,,
License Property,Course pack print,Semesterapparat gedruckt,Course pack print,de.laser.RefdataValue,permissions,,,,Das Recht lizensiertes Materials in ausgedruckter Form für Semesterapparate zur Verfügung zu stellen.,"The right to use licensed materials in collections or compilations of materials assembled in a print format by faculty members for use by students in a class for purposes of instruction, e.g., book chapters, journal articles.",,,,
License Property,Course pack term note,Semesterapparat Bedingungen zur Nutzung elektronischer Skripte,Course pack term note,java.lang.String,,,,,Bedingungen zur Nutzung elektronischer Skripte.,Information which qualifies a permissions statement on Course Packs.,,,,
License Property,Course reserve electronic/cached,Seminarapparat mit Zugangsbeschränkung elektronisch,Course reserve electronic/cached,de.laser.RefdataValue,permissions,,,,,"The right to make electronic copies of the licensed materials and store them on a secure network, e.g., book chapters, journal articles stored on a secure network, for course reserves and online course websites.",,,,
License Property,Course reserve print,Seminarapparat mit Zugangsbeschränkung gedruckt,Course reserve print,de.laser.RefdataValue,permissions,,,,,The right to make print copies of the licensed materials and place them in a controlled circulation area of the library for reserve reading in conjunction with specific courses of instruction.,,,,
License Property,Course reserve term note,Seminarapparat mit Zugangsbeschränkung Bedingungen der Nutzung,Course reserve term note,java.lang.String,,,,,,Information which qualifies a permissions statement on Course Reserves.,,,,
License Property,Cure period for breach,Zeitraum der Behebung bei Vertragsbruch,Cure period for breach,java.lang.String,,,,,"Definition der Zeitspanne, in welcher Mängel behoben werden.",The cure period for an alleged material breach.,,,,
License Property,Data protection override,Datenschutz aufgehoben,Data protection override,de.laser.RefdataValue,y.n.o,,,,,A clause that provides fair use protections within the context of assertions of database protection or additional proprietary rights related to database content not currently covered by U.S. copyright law. Applicable for U.S. libraries but may be of interest for other countries when recording terms for products licensed by U.S. businesses.,,,,
License Property,Digitial copy,Digitalkopie,Digitial copy,de.laser.RefdataValue,permissions,,,,"Aussagen darüber, inwiefern der Lizenznehmer und autorisierte Nutzer lizenziertes Material herunterladen und abspeichern darf.",The right of the licensee and authorized users to download and digitally copy a reasonable portion of the licensed materials.,,,,
License Property,Digitial copy term note,Digitalkopie Bedingungen,Digitial copy term note,java.lang.String,,,,,Bedingungen der digitalen Kopie.,Information which qualifies a permissions statement on Digitally Copy,,,,
License Property,Distance Education,Fernstudium,Distance Education,de.laser.RefdataValue,permissions,,,,"Aussagen darüber, inwieweit das lizenzierte Material für das Fernstudium genutzt werden darf.",The right to use licensed materials in distance education.,,,,
License Property,Distance education term note,Fernstudium Bedingungen zur Nutzung,Distance education term note,java.lang.String,,,,,Bedingungen der Nutzung für das Fernstudium.,Information which qualifies a permissions statement on distance education.,,,,
License Property,Document delivery service (commercial),Dokumentenlieferdienst kommerziell,Document delivery service (commercial),java.lang.String,,,,,Angabe über die Nutzungsmöglichkeit von kommerziellen Dokumentenlieferdiensten wie Subito.,,,,,
License Property,Electronic link,Elektronischer Link,Electronic link,de.laser.RefdataValue,permissions,,,,"Aussagen darüber, inwiefern auf das lizenzierte Material verlinkt werden darf.",The right to link to the licensed material.,,,,
License Property,Electronic link term note,Elektronischer Link Bedingungen,Electronic link term note,java.lang.String,,,,,Bedingungen für die Nutzung des elektronischen Link,Information which qualifies a permissions statement on Electronic Links.,,,,
License Property,Electronically Archivable Version,Zweitveröffentlichungsrecht - Archivierbare Version,Electronically Archivable Version,de.laser.RefdataValue,license.oa.earc.version,,true,,"Aussagen über die Möglichkeiten, eine archivierbare Version auf einem Repositorium zu hinterlegen.",Describes which version can be used for e.g. long-term preservation.,,,,
License Property,Embargo Period,Zweitveröffentlichungsrecht - Embargo,Embargo Period,java.lang.Integer,,,,,"Aussagen über die Zeitspanne, nach welcher auf ein elektron. Dokument ein Zugriff möglich wird.",The amount of time by which content is intentionally delayed. Refer to developing standards (e.g. ONIX for Serials) for values.,,,,
License Property,Embargo Period Postprint,Zweitveröffentlichungsrecht - Embargo Postprint,Embargo Period Postprint,java.lang.Integer,,,,,"Aussage über die Zeitspanne, nach welcher eine Publikation als Postprint zweitveröffentlicht werden darf, Angabe in Monaten","The amount of time after which content may be secondarily published as postprint, given in months.",,,,
License Property,Embargo Period Preprint,Zweitveröffentlichungsrecht - Embargo Preprint,Embargo Period Preprint,java.lang.Integer,,,,,"Aussage über die Zeitspanne, nach welcher eine Publikation als Preprint zweitveröffentlicht werden darf, Angabe in Monaten","The amount of time after which content may be secondarily published as preprint, given in months.",,,,
License Property,Embargo Period Publisher Version,Zweitveröffentlichungsrecht - Embargo Verlagsversion,Embargo Period Publisher Version,java.lang.Integer,,,,,"Aussage über die Zeitspanne, nach welcher eine Publikation als Verlagsversion zweitveröffentlicht werden darf, Angabe in Monaten","The amount of time after which content may be secondarily published as publisher version, given in months.",,,,
License Property,End date,Zweitveröffentlichungsrecht - Enddatum,Start date,java.util.Date,,,,,"Aussagen über den zeitlichen Endpunkt, für welchen die Institution/Autor*innen Open Access-Publikations-Rechte im Rahmen des vertraglich vereinbarten Zeitveröffentlichungsrechts haben. Maßgeblich ist, ob in dem Zeitraum zw. Start- und Enddatum die fragliche Publikation beim Verlag erschienen ist. Gesetzliche Zweitveröffentlichungsrechte können daneben zusätzlich bestehen.","Statements about the time span start for which the institution / authors have open access publication rights within the secondary publication rights fixed by agreement. Significant is whether the publication in question appeared at the publisher within the time span between start and end date. Additionally, legal secondary publication rights may exist.",,,,
License Property,Fair use clause indicator,Hinweis auf Klausel über die 'faire Nutzung',Fair use clause indicator,de.laser.RefdataValue,y.n.o,,,,Hinweis auf Klausel über die 'faire Nutzung'.,"A clause that affirms statutory fair use rights under U.S. copyright law (17 USC Section 107), or that the agreement does not restrict or abrogate the rights of the licensee or its user community under copyright law. Fair use rights include, but are not limited to, printing, downloading, and copying.",,,,
License Property,Funder,Publikationsförderer,Funder,java.lang.String,,,,,Aussage über Geldgeber.,S.o. who provides money for s.th.,,,,
License Property,General Terms note,Allgemeine Bedingungen,General Terms note,java.lang.String,,,,,,Notes about the terms in the business agreement of the license as a whole.,,,,
License Property,Governing jurisdiction,Gerichtsstand,Governing jurisdiction,java.lang.String,,,,,Ort des zuständigen Gerichts.,The venue or jurisdiction to be used in the event of an alleged breach of the agreement.,,,,
License Property,Governing law,Anzuwendendes Recht,Governing law,java.lang.String,,,,,Definition über anzuwendendes Recht.,A clause specifying the governing law to be used in the event of an alleged breach of the agreement.,,,,
License Property,Hosting Time,Hostingrecht Zeitpunkt,Hosting Time,de.laser.RefdataValue,license.arc.hosting.time,,true,,"Aussagen über den Zeitpunkt, an welchem das Hostingrecht beginnt.",,,,,
License Property,Hosting: Authorized,Hostingrecht Berechtigte,Hosting: Authorized,de.laser.RefdataValue,license.arc.authorized,,true,,Aussage über die zum Hosting Berechtigten.,,,,,
License Property,Hosting: Obligation,Hostingpflicht,Hosting: Obligation,de.laser.RefdataValue,y.n,,,,,,,,,
License Property,Hosting: Permission,Hostingrecht,Hosting: Permission,de.laser.RefdataValue,y.n.o,,,,,,,,,
License Property,Hosting: Restriction,Hostingrecht Einschränkung,Hosting: Restriction,de.laser.RefdataValue,license.arc.hosting.restriction,,true,,,,,,,
License Property,Hosting: Solution,Hostingrecht: Lösung,Hosting: Solution,de.laser.RefdataValue,license.arc.hosting.solution,,true,,"Aussagen, über welche technische Lösung das Material angeboten wird.",,,,,
License Property,ILL electronic,Fernleihe elektronisch,ILL electronic,de.laser.RefdataValue,permissions,,,,"Aussage darüber, ob die Fernleihe mittels einer elektron. Kopie bedient werden darf.",The right to provide the licensed materials via interlibrary loan by way of electronic copies.,,,,
License Property,ILL print or fax,Fernleihe per Papier oder Fax,ILL print or fax,de.laser.RefdataValue,permissions,,,,"Aussage darüber, ob die Fernleihe mittels  Fax oder gedruckter Kopien bedient werden darf.",The right to provide the licensed materials via interlibrary loan by way of print copies or facsimile transmission.,,,,
License Property,ILL record keeping required,Fernleihdatensatz muss gespeichert werden,ILL record keeping required,de.laser.RefdataValue,y.n.o,,,,"Aussage darüber, ob der Fernleihdatensatz aufbewahrt werden muss.",The requirement to keep records of interlibrary loan activity and provide reports to the licensor at periodic intervals or upon request.,,,,
License Property,ILL secure electronic transmission,Fernleihe über sichere elektronische Übermittlung,ILL secure electronic transmission,de.laser.RefdataValue,permissions,,,,"Aussage darüber, ob die Fernleihe über sichere, elektron. Übermittlungswege bedient werden darf.",The right to provide the licensed materials via interlibrary loan by way of secure electronic transmission.,,,,
License Property,ILL term note,Fernleihe Weitere Bedingungen,ILL term note,java.lang.String,,,,,Weitere Bedingungen zur Fernleihe.,Additional information related to interlibrary loan.,,,,
License Property,Ill ZETA code,Fernleihindikator: Lieferweg,Ill ZETA code,de.laser.RefdataValue,ill.code,,true,true,"Fernleihindikator nach DNB/ZDB, 1. Position: Bestellaufgabe und Lieferweg",,,,,
License Property,Ill ZETA electronic forbidden,Fernleihindikator: Elektronische Übertragung zwischen Bibliotheken ausgeschlossen,Ill ZETA electronic forbidden,de.laser.RefdataValue,y.n,,,true,"Fernleihindikator nach DNB/ZDB, 3. Position: Elektronische Übertragung zwischen Bibliotheken ausgeschlossen",,,,,
License Property,Ill ZETA inland only,Fernleihindikator: Inland,Ill ZETA inland only,de.laser.RefdataValue,y.n,,,true,"Fernleihindikator nach DNB/ZDB, 2. Position: Nur Inland",,,,,
License Property,Indemnification by licensee clause indicator,Entschädigung durch den Lizenznehmer,Indemnification by licensee clause indicator,de.laser.RefdataValue,y.n.o,,,,"Aussage darüber, inwieweit der Lizenznehmer den Lizenzgeber von juristischen Ansprüchen schadlos hält.","A clause by which the licensee agrees to indemnify the licensor against a legal claim, usually for a breach of agreement by the licensee.",,,,
License Property,Indemnification by licensor,Entschädigung durch den Lizenzgeber,Indemnification by licensor,de.laser.RefdataValue,indemnification,,,,"Aussage darüber, inwiefern der Lizenzgeber den Lizenznehmer von juristischen Ansprüchen schadlos hält.","A clause by which the licensor agrees to indemnify the licensee against a legal claim. This may specifically include intellectual property claims (third party rights), or may be broader in application.",,,,
License Property,Intellectual property warranty,Gewährleistung des/zum geistigen Eigentum,Intellectual property warranty,de.laser.RefdataValue,y.n.o,,,,"Aussagen darüber, dass durch die Freigabe des Materials durch den Lizenzgeber keine Rechte Dritter und deren geistiges Eigentum verletzt werden.","A clause in which the licensor warrants that making the licensed materials available does not infringe upon the intellectual property rights of any third parties. This clause, in the form of a warranty, may or may not include an indemnification of licensee.",,,,
License Property,Invoicing,Rechnungsstellung Datum,Invoicing Date,java.util.Date,,,,,Datum der Rechnungsstellung.,,,,,
License Property,Invoicing Consortial,Rechnungsstellung konsortial,Invoicing consortial,de.laser.RefdataValue,invoicing,,,,"Benennung des Rechnungsstellers (Anbieter, Konsortium, Zwischenhändler, etc.)",Defining who creates and sends out invoices to the participants.,,,,
License Property,License to Publish,Publikationslizenz,License to Publish,de.laser.RefdataValue,license.oa.license.to.publish,,true,,Aussagen über die Nutzung der Publikationslizenz (Creative Commons Attribution).,An official sign by the CC which permitts different kind of usage.,,,,
License Property,Licensee obligations,Pflichten des Lizenznehmers,Licensee obligations,java.lang.String,,,,,"Angaben über die Pflichten des Lizenznehmers, wie Informationspflichten über IP-Rangeänderungen.",,,,,
License Property,Licensee termination condition,Kündigungsrecht des Lizenznehmers Voraussetzung,Licensee termination condition,de.laser.RefdataValue,termination.condition,,,,Aussagen über die notwendigen Voraussetzungen einer Kündigung seitens des Lizenznehmers.,The conditions that would allow a licensee to terminate acquisition during a contract period.,,,,
License Property,Licensee termination notice period,Kündigungsfrist des Lizenznehmers,Licensee termination notice period,java.lang.String,,,,,Definition der Kündigungsfrist des Lizenznehmers.,The amount of advance notice required prior to contract termination by the Licensee.,,,,
License Property,Licensee termination right,Kündigungsrecht des Lizenznehmers,Licensee termination right,de.laser.RefdataValue,y.n.o,,,,Aussagen über die Kündigungsrechte des Lizenznehmers.,The ability of the licensee to terminate an acquisition during a contract period.,,,,
License Property,Licensor termination condition,Kündigungsrecht des Lizenzgebers Voraussetzung,Licensor termination condition,de.laser.RefdataValue,termination.condition,,,,Aussagen über die notwendigen Voraussetzungen einer Kündigung seitens des Lizenzgebers.,The conditions that would allow a licensor to terminate acquisition during a contract period.,,,,
License Property,Licensor termination notice period,Kündigungsfrist des Lizenzgebers,Licensor termination notice period,java.lang.String,,,,,Definition der Kündigungsfrist des Lizenzgebers.,The amount of advance notice required prior to contract termination by the licensor.,,,,
License Property,Licensor termination right,Kündigungsrecht des Lizenzgebers,Licensor termination right,de.laser.RefdataValue,y.n.o,,,,Aussagen über die Kündigungsrechte des Lizenzgebers.,The ability of a Licensor to terminate an acquisition during a contract period.,,,,
License Property,Local authorized user defintion,"Autorisierte Nutzer, lokale Defintion",Local authorized user defintion,java.lang.String,,,,,"Definition, welcher Personenkreis vor Ort zu den berechtigten Nutzern gezählt wird.",The inclusion of an institution-specific preferred authorized user definition,,,,
License Property,Maintenance window,Wartungsfenster,Maintenance window,java.lang.String,,,,,"Angaben über die Häufigkeit, Dauer und geschaltete Vorabinformationen bei Produktwartungen seitens des Lizenzgebers.","The recurring period of time reserved by the product provider for technical maintenance activities, during which online access may be unavailable.",,,,
License Property,Metadata delivery,Metadata delivery,Metadata delivery,java.lang.String,,,,,"Aussagen darüber, von wem Metadaten geliefert werden und zur Art des Formats.","Description to whom metadata will be delivered, what kind of standard will be provided.",,,,
License Property,Method of Authentication,Authentifizierungsverfahren,Method of Authentication,java.lang.String,,,,,"Aussagen darüber, mit welchem Authentifizierungsverfahren Nutzer Zugriff erhalten.",,,,,
License Property,Multi Site Access,Multi Site Access,Multi Site Access,de.laser.RefdataValue,y.n.o,,,,"Aussagen darüber, ob mehrere Standorte auf das gleiche Produkt zugreifen dürfen.",,,,,
License Property,Multi Year License Belated Inception,Einstieg in Mehrjahresvertrag,Belated inception of multi year license,java.lang.String,,,,,Möglichkeit für Konsorten ab Lizenzjahr 2 oder 3 in Konsortialvertrag einzusteigen.,,,,,
License Property,Multi Year License Termination,Ausstieg aus Mehrjahresvertrag,Termination of multi year license,java.lang.String,,,,,Möglichkeit für Konsorten aus mehrjährigem Konsortialvertrag auszusteigen.,,,,,
License Property,New Underwriter,Aufnahme neuer Teilnehmer,New Underwriter,de.laser.RefdataValue,y.n.o,,,,Zeitpunkt für die Aufnahme neuer Teilnehmer (z. B. relevant für Rabattermittlung).,New participant.,,,,
License Property,OA First Date,OA Startdatum,OA First Date,java.util.Date,,,,,"Aussagen über den zeitlichen Beginn, für welchen Institution/Autor Open Access-Rechte haben.",Time span start,,,,
License Property,OA Last Date,OA Enddatum,OA Last Date,java.util.Date,,,,,"Aussagen über den zeitlichen Endpunkt, für welchen Institution/Autor Open Access-Rechte haben..",Time span end,,,,
License Property,OA Note,OA Bemerkung,OA Note,java.lang.String,,,,,Weitere Aussagen und Bemerkungen zu Open Access.,,,,,
License Property,Offsetting,Offsetting Berechnungsmodell,Offsetting,java.lang.String,,,,,Aussagen über das Berechnungsmodell.,,,,,
License Property,Open Access,Open Access (Variante),Open Access,de.laser.RefdataValue,license.oa.type,,true,,"Grundlegendes Merkmal, ob eine Lizenz bzw. ein Titel eine Open Access-Komponente enthält. (gold: OA Publikation; grün: Archivierung von pre-print und post-print; blau: Archiverung von post-print; gelb: Archivierung von pre-print; weiß: Archivierung wird nicht formell unterstützt).",,,,,
License Property,Other Use Restriction Note,Zusätzliche Einschränkungen,Other Use Restriction Note,java.lang.String,,,,,"Zusätzliche Einschränkungen, z.B. Tageszeit.","Additional information about other use restrictions not adequately described elsewhere, e.g., time of day restrictions on Concurrent Users.",,,,
License Property,Partners Access,Partners Access,Partners Access,de.laser.RefdataValue,y.n.o,,,,Partners Access.,,,,,
License Property,Performance warranty,Gewährleistung einer Systemleistung/Performanz,Performance warranty,de.laser.RefdataValue,y.n.o,,,,Zusage der Verfügbarkeit und Leistung des lizenzierten Produktes in Prozent.,"The specific percentage of up-time guaranteed for the product being licensed, and the context for that percentage, e.g., routine maintenance, excluding routine maintenance, etc.",,,,
License Property,Permitted Uses,Permitted Uses,Permitted Uses,java.lang.String,,,,,,The allowance to use s. th. several times.,,,,
License Property,Perpetual coverage from,Dauerhafter Zugang Zeitraum von,Perpetual coverage from,java.util.Date,,,,,"Definition des Zeitpunktes, ab welchem ein dauerhafter Zugriff ermöglicht wird.",Time span start.,,,,
License Property,Perpetual coverage note,Perpetual coverage note,Perpetual coverage note,de.laser.RefdataValue,y.n.o,,,,,,,,,
License Property,Perpetual coverage to,Dauerhafter Zugang Zeitraum bis,Perpetual coverage to,java.util.Date,,,,,"Definition des Zeitpunktes, bis zu welchem ein dauerhafter Zugriff ermöglicht wird.",Time span end.,,,,
License Property,Post Cancellation Online Access,Zugriffsrechte dauerhaft,Post Cancellation Online Access,de.laser.RefdataValue,y.n.o,,,,Aussagen über das dauerhafte Zugriffsrecht nach Kündigung.,,,,,
License Property,Print copy,Druckkopie,Print copy,de.laser.RefdataValue,permissions,,,,"Aussagen darüber, inwiefern der Lizenznehmer und autorisierte Nutzer lizenziertes Material ausdrucken darf.",The right of the licensee and authorized users to print a portion of the licensed materials.,,,,
License Property,Print copy term note,Druckkopie Bedingungen zur Nutzung,Print copy term note,java.lang.String,,,,,Bedingungen der Druckkopie.,Information which qualifies a permissions statement on Print Copy.,,,,
License Property,Publishing Fee,Publikationsgebühr,Publishing Fee,java.lang.String,,,,,Aussagen über die Publikationsgebühren.,Share of money which has to be payed by e.g. the author.,,,,
License Property,Reading Fee,Reading Fee,Reading Fee,java.lang.String,,,,,Aussagen über die Zugriffsgebühren.,Share of money which has to be payed by e.g. the user,,,,
License Property,Receiving Modalities,Zweitveröffentlichungsrecht - Bezugsmodalitäten,Receiving Modalities,de.laser.RefdataValue,license.oa.receiving.modalities,,true,,Aussagen über die Bezugsmodalitäten der archivierbaren Version.,Defines the way s.th. is delivered.,,,,
License Property,Regional Restriction,Regionale Einschränkung,Regional Restriction,de.laser.RefdataValue,y.n.o,,,,"Aussagen darüber, welche regionalen Einschränkungen zur Teilnahme am Vertrag gelten.",,,,,
License Property,Remote Access,Remote-Zugriff,Remote Access,de.laser.RefdataValue,y.n.o,,,,"Aussagen darüber, inwieweit autorisierte Nutzer über Remote Access auf lizenziertes Material zugreifen dürfen.",The right of an authorized user to gain access to an Electronic Product from an offsite location.,,,,
License Property,Repository,Zweitveröffentlichungsrecht - Repositorium,Repository,de.laser.RefdataValue,license.oa.repository,,true,,Aussagen über die Art des Repositoriums.,A place where s.th. can be stored and found.,,,,
License Property,Scholarly sharing,Weitergabe im Rahmen der Lehre,Scholarly sharing,de.laser.RefdataValue,permissions,,,,"Aussagen darüber, inwiefern der Lizenznehmer und autorisierte Nutzer Ausdrucke oder elektron. Kopien an Dritte im Kontext der u. a. privaten oder wissenschaftlichen Nutzung und im Rahmen der Lehre ausgeben darf.","The right of authorized users and/or the licensee to transmit hard copy or an electronic copy of a portion of the licensed materials to a third party for personal, scholarly, educational, scientific or professional use.",,,,
License Property,Scholarly sharing term note,Weitergabe im Rahmen der Lehre Bedingungen,Scholarly sharing term note,java.lang.String,,,,,Bedingungen der Weitergabe im Rahmen der Lehre.,Information which qualifies a permissions statement on Scholarly Sharing.,,,,
License Property,Severability Clause,Salvatorische Klausel,Severability Clause,java.lang.String,,,,,Angaben über die salvatorische Klausel.,,,,,
License Property,Signed,Signed,Signed,de.laser.RefdataValue,y.n,,,,"Aussage darüber, ob das Vertragsdokument unterzeichnet worden ist.",a document has been signed by s.o.,,,,
License Property,Single-site license,Einzelplatzlizenz,Single-site license,java.lang.String,,,,,Angaben über die Nutzung des Produktes über eine Einzelplatzlizenz.,,,,,
License Property,SingleUserAccess,Einzelnutzerzugang,Single user access,de.laser.RefdataValue,y.n,,,,"Aussage, ob bei einer Nationallizenz auch Einzelnutzer für den Zugang berechtigt sind.",,,,,
License Property,Start date,Zweitveröffentlichungsrecht - Startdatum,Start date,java.util.Date,,,,,"Aussagen über den zeitlichen Beginn, für welchen die Institution/Autor*innen Open Access-Publikations-Rechte im Rahmen des vertraglich vereinbarten Zeitveröffentlichungsrechts haben. Maßgeblich ist, ob in dem Zeitraum zw. Start- und Enddatum die fragliche Publikation beim Verlag erschienen ist. Gesetzliche Zweitveröffentlichungsrechte können daneben zusätzlich bestehen.","Statements about the time span start for which the institution / authors have open access publication rights within the secondary publication rights fixed by agreement. Significant is whether the publication in question appeared at the publisher within the time span between start and end date. Additionally, legal secondary publication rights may exist.",,,,
License Property,Termination requirement note,Kündigungsrecht besondere Anforderung,Termination requirement note,java.lang.String,,,,,Möglichkeit für Konsorten aus mehrjährigem Konsortialvertrag auszusteigen,,,,,
License Property,Text- and Datamining,Text- and Datamining,Text- and Datamining,de.laser.RefdataValue,permissions,,,,"Aussagen darüber, ob das Material im Kontext des Datamining zu Verfügung steht.",,,,,
License Property,Text- and Datamining Character Count,Text- and Datamining Zeichenzahl,Text- and Datamining Character Count,java.lang.Integer,,,,,"Zahl der Zeichen, die im Rahmen eines Text- und Dataminings erlaubt sind.",,,,,
License Property,Text- and Datamining Restrictions,Text- and Datamining Einschränkungen.,Text- and Datamining Restrictions,java.lang.String,,,,,"Aussagen darüber, welchen Einschränkungen das Text- und Datamining unterliegt, sowie Informationen über weiter zu berücksichtigende Aspekte wie Nutzungsbedingungen, Sicherheitserklärungen und Datenvernichtung.",,,,,
License Property,Uptime guarantee,Gewährleistung einer verfügbaren Betriebszeit,Uptime guarantee,java.lang.String,,,,,,,,,,
License Property,Usage Statistics Addressee,Statistik Hauptverantwortlicher,Usage Statistics Addressee,java.lang.String,,,,,"Aussagen über den Verantwortlichen, welcher die Statistiken zugesandt bekommt.",The local person to whom statistics are sent.,,,,
License Property,Usage Statistics Availability Indicator,Statistik Lieferung,Usage Statistics Availability Indicator,de.laser.RefdataValue,y.n.o,,,,Aussagen über die Lieferung von Nutzungsstatistiken.,The availability of usage statistics for the product.,,,,
License Property,Usage Statistics Delivery,Statistik Liefermethode,Usage Statistics Delivery,de.laser.RefdataValue,license.statistics.delivery,,true,,Aussagen über den Versandweg der Statistiken.,The manner in which statistics are made available.,,,,
License Property,Usage Statistics Format,Statistik Auslieferungsformat,Usage Statistics Format,de.laser.RefdataValue,license.statistics.format,,true,,Aussagen über Auslieferformat der Statistiken.,The format(s) in which statistics are made available.,,,,
License Property,Usage Statistics Frequency,Statistik Auslieferungsfrequenz,Usage Statistics Frequency,de.laser.RefdataValue,license.statistics.frequency,,,,Aussagen über die Frequenz der Auslieferung der Statistiken.,The frequency with which statistics are made available.,,,,
License Property,Usage Statistics Online Location,Statistik Links und lokale Daten,Usage Statistics Online Location,java.lang.String,,,,,Aussagen über bzw. Links zu den lokal gespeicherten Statistiken.,Information about and/or links to locally stored data.,,,,
License Property,Usage Statistics Password,Statistik Passwort,Usage Statistics Password,de.laser.RefdataValue,license.statistics.user.creds,,,,Zugangsdaten.,The password used for online access to the statistics management site or dataset may be same as administrative password.,,,,
License Property,Usage Statistics Standard Compliance,Statistikstandard,Usage Statistics Standard Compliance,de.laser.RefdataValue,license.statistics.standards,,true,,"Aussagen über den Standard, in welchem die Statistiken geliefert werden.","The official standard to which the statistics conform for more information, see guidelines set forth at http://www.projectcounter.org and http://www.library.yale.edu/consortia/2001webstats.htm.",,,,
License Property,Usage Statistics User ID,Statistik Nutzername,Usage Statistics User ID,de.laser.RefdataValue,license.statistics.user.creds,,,,Zugangsdaten.,The identifier used for online access to the statistics management site or dataset may be same as administrative identifier.,,,,
License Property,User information confidentiality,Vertraulichkeit der Nutzerdaten,User information confidentiality,de.laser.RefdataValue,y.n.o,,,,"Aussagen über Servicestandards, die einzuhalten sind",,,,,
License Property,Vouchers Free OA Articles,Vouchers,Vouchers Free OA Articles,java.lang.String,,,,,"Aussagen über Vouchers, die der Anbieter der teiln. Einrichtung zur Verfügung stellt und die zur kostenlosen Publikation in einer Hybrid-Zeitschrift berechtigen.",A piece of e.g. paper that can be used instead of e.g. money.,,,,
License Property,Walk-in Access,Walk-In User,Walk-in Access,de.laser.RefdataValue,permissions,,,,"Nutzergruppe, die zwar Zugang zu Informationen erhält, jedoch bspw. nicht Universitätsmitglied ist.",A group of people who have access to information whithout being e.g. a student at this University Library.,,,,
License Property,Walk-in User Term Note,Walk-In User Bedingungen,Walk-in User Term Note,java.lang.String,,,,,"Nutzergruppe, die zwar Zugang zu Informationen erhält, jedoch bspw. nicht Universitätsmitglied ist.",Information which qualifies the status or permitted actions of Walk-In Users,,,,
License Property,Wifi Access,WLAN-Zugriff,Wifi Access,de.laser.RefdataValue,y.n.o,,,,"Aussagen darüber, inwieweit über WLAN auf das lizenzierte Material zugegriffen werden darf.",Internet is provided without using wires.,,,,
Platform Property,COUNTER R3: Reports supported,COUNTER R3: Reports unterstützt,COUNTER R3: Reports supported,de.laser.RefdataValue,y.n,,,,,,,,,
Platform Property,COUNTER R4: COUNTER_SUSHI API supported,COUNTER R4: COUNTER_SUSHI API unterstützt,COUNTER R4: COUNTER_SUSHI API supported,de.laser.RefdataValue,y.n,,,,,,,,,
Platform Property,COUNTER R4: Reports supported,COUNTER R4: Reports unterstützt,COUNTER R4: Reports supported,de.laser.RefdataValue,y.n,,,true,,,,,,
Platform Property,COUNTER R4: SUSHI Server URL,COUNTER R4: SUSHI Server URL,COUNTER R4: SUSHI Server URL,java.net.URL,,,,,,,,,,
Platform Property,COUNTER R4: Usage Statistics URL,COUNTER R4: Webzugang Statistik,COUNTER R4: Usage Statistics URL,java.net.URL,,,,,,,,,,
Platform Property,COUNTER R5: COUNTER_SUSHI API supported,COUNTER R5: COUNTER_SUSHI API unterstützt,COUNTER R5: COUNTER_SUSHI API supported,de.laser.RefdataValue,y.n,,,,,,,,,
Platform Property,COUNTER R5: Reports supported,COUNTER R5: Reports unterstützt,COUNTER R5: Reports supported,de.laser.RefdataValue,y.n,,,true,,,,,,
Platform Property,COUNTER R5: SUSHI Server URL,COUNTER R5: SUSHI Server URL,COUNTER R5: SUSHI Server URL,java.net.URL,,,,,,,,,,
Platform Property,COUNTER R5: Usage Statistics URL,COUNTER R5: Webzugang Statistik,COUNTER R5: Usage Statistics URL,java.net.URL,,,,,,,,,,
Platform Property,COUNTER Registry URL,COUNTER Registry URL,COUNTER Registry URL,java.net.URL,,,,,,,,,,
Platform Property,IPv4: Supported,IPv4: Unterstützt,IPv4: Supported,de.laser.RefdataValue,y.n,,,,,,,,,
Platform Property,IPv6: Supported,IPv6: Unterstützt,IPv6: Supported,de.laser.RefdataValue,y.n,,,,,,,,,
Platform Property,NatStat Supplier ID,NatStat Anbietername,NatStat Supplier ID,java.lang.String,,,,,,,,,,
Platform Property,Proxy: Supported,Proxy: Unterstützt,Proxy: Supported,de.laser.RefdataValue,y.n,,,,,,,,,
Platform Property,Shibboleth: SP entityID,Shibboleth: SP entityID,Shibboleth: SP entityID,java.lang.String,,,,,,,,,,
Platform Property,Shibboleth: Supported,Shibboleth: Unterstützt,Shibboleth: Supported,de.laser.RefdataValue,y.n,,,,,,,,,
Subscription Property,Access choice remote,Zugangswahl Remote,Access choice remote,de.laser.RefdataValue,access.choice.remote,,,,"Bitte geben Sie hier an, ob Sie 2FA, Zugang für Wissenschaftler oder kein remote Zugang wünschen?","Please indicate here whether you want 2FA, access for scientists or no remote access?",,,,
Subscription Property,Access limitation,Zugriffsbegrenzung,Access limitation,de.laser.RefdataValue,access.limitation,,,,Ist der Zugriff auf Einzelplatzlizenzen beschränkt oder beschränkte Zugriffen pro Lizenzjahr; Simuser?,Is the access restricted to single places or limited access counts per subscription year; Simuser?,,,,
Subscription Property,Access URL,Zugriffs-URL,Access URL,java.net.URL,,,,,Über welche URL erfolgt der Zugriff auf die Inhalte der Ressource ('Jumpstart')?,Which URL provides access to the resource contents ('Jumpstart')?,,,,
Subscription Property,Access URL(s) in SIS context,Zugriffs-URL(s) im FID-Kontext,Access URL(s) in SIS context,java.net.URL,,,true,,,,,,,
Subscription Property,Access via other hosting,Zugang über anderes Hosting,Access via other hosting,de.laser.RefdataValue,y.n,,,,,,,,,
Subscription Property,Access via provider platform,Zugang über Plattform des Anbieters,Access via provider platform,de.laser.RefdataValue,y.n,,,,,,,,,
Subscription Property,Additional software necessary?,Zusätzliche Software erforderlich?,Additional software necessary?,de.laser.RefdataValue,y.n,,,,Wird für die Lizenzierung eine zusätzliche Software benötigt?,,,,,
Subscription Property,Admin Access,Adminzugang,Admin Access,java.lang.String,,,,,Mit welchen Zugangsdaten gelangt man in den Admin-Bereich auf der Anbieterplattform?,,,,,
Subscription Property,Admin Link,Admin-Link,Admin Link,java.net.URL,,,,,Über welchen Link gelangt man in den Admin-Bereich auf der Anbieterplattform?,,,,,
Subscription Property,Aggregator,Aggregator,Aggregator,de.laser.RefdataValue,y.n,,,,,,,,,
Subscription Property,Authorized user group,Autorisierter Nutzerkreis,Authorized user group,java.lang.String,,,true,,,,,,,
Subscription Property,Banding Grading,Banding-Einstufung,Banding Grading,java.lang.String,,,,,Banding-Zuordnung des Teilnehmers,,,,,
Subscription Property,Banding-Modell,Banding-Modell,Banding Model,java.lang.String,,,,,Wie sieht das Banding-Modell des Produkts aus?,How does the banding model of the product look like?,,,,
Subscription Property,Beck Price Category A-F,Preiskategorie Beck,Price category Beck,de.laser.RefdataValue,category.a.f,,,,"Bitte geben Sie an, in welche Preis-Kategorie Ihre Einrichtung fällt. Diese können Sie den Preistabellen entnehmen. A-C jeweils Uni mit und ohne Jurastutenten; D-F FH mit und ohne Jura und sonstige Einrichtungen.",Please indicate which price category your facility falls into. These can be found in the price tables. A-C each Uni with and without lawyers; D-F FH with and without law and other facilities.,,,,
Subscription Property,Bautabellen Preiskategorie,Preiskategorie Bautabellen,Price category Bautabellen,de.laser.RefdataValue,category.bautabellen,,,,Preiskategorie ist abhängig von der Studierendenzahl im Bauwesen,The price category depends on the number of students in construction engineering,,,,
Subscription Property,Price category Euromonitor,Preiskategorie Euromonitor,Price category Euromonitor,de.laser.RefdataValue,category.euromonitor,,,,"Bitte geben Sie an, in welche Preis-/Einrichtungs-Kategorie Ihre Einrichtung fällt. Die im Falle der Universitäten und Fachhochschulen relevanten FTE beziehen sich auf die FTE-Zahl der nutzenden Gruppe, nicht auf die gesamten FTE der Bildungseinrichtung.","Please indicate which price category your facility falls into. The number of FTE relevant in the case of universities and high schools refer to the number of FTEs in the using group, not to the total FTE of the facility.",,,,
Subscription Property,Price category IGI,Preiskategorie IGI InfoSci Journals,Price category IGI InfoSci Journals,de.laser.RefdataValue,category.igi,,,,"Bitte geben Sie an, in welche Preis-Kategorie Ihre Einrichtung fällt.",Please indicate which price category your facility falls into.,,,,
Subscription Property,Price category juris,Preiskategorie juris,Price category juris,de.laser.RefdataValue,category.juris,,,,Dies ist Ihre mit der juris GmbH abgestimmte Preisgruppe. Bitte melden Sie sich bei Änderungen der FTEs und der Studiengänge.,This is your with juris GmbH concluded price group. Please notify changes in FTEs and degree programmes.,,,,
Subscription Property,Price category UNWTO,Preiskategorie UNWTO,Price category UNWTO,de.laser.RefdataValue,category.unwto,,,,"Bitte geben Sie an, in welche Preis-Kategorie Ihre Einrichtung fällt.",Please indicate which price category your facility falls into.,,,,
Subscription Property,Price category World Bank,Preiskategorie World Bank,Price category World Bank,de.laser.RefdataValue,category.world.bank,,,,"Bitte geben Sie an, in welche Preis-Kategorie Ihre Einrichtung fällt.",Please indicate which price category your facility falls into.,,,,
Subscription Property,Billing done by provider,Rechnungsstellung durch Anbieter,Billing done by provider,de.laser.RefdataValue,y.n,,,,Erfolgt die Rechnungsstellung direkt über den Anbieter?,,,,,
Subscription Property,Business model,Geschäftsmodell,Business model,java.lang.String,,,,,Wie ist das Geschäftsmodell konzipiert und welche Elemente spielen für die Preisbildung eine Rolle?,,,,,
Subscription Property,Calculation model,Berechnungsmodell,Calculation model,de.laser.RefdataValue,external.internal,,,,Wie werden die Gesamtkosten innerhalb des Konsortiums verteilt? Durch Anbieter je Einrichtung festgelegt oder interne Kostenverteilung?,,,,,
Subscription Property,Calculation of discount,Rabatt Zählung,Calculation of discount,de.laser.RefdataValue,y.n,,,,Wie wird die Rabatthöhe errechnet? Z.B. durch Zählung aller Teilnehmer bei dem Anbieter…,,,,,
Subscription Property,Cancellation rate,Abbestellquote,Cancellation rate,java.lang.String,,,,,Abbestellquote.,Cancellation rate.,,,,
Subscription Property,Cancellation reason,Abbestellgrund,Cancellation reason,java.lang.String,,,,,Welchen Grund gab es für die Abbestellung?,,,,,
Subscription Property,Central funding possible,Zentralmittelfähig,Central funding possible,de.laser.RefdataValue,y.n,,,,"Ist es möglich, diese Lizenz aus Zentralmitteln zu finanzieren?",,,,,
Subscription Property,Collective billing,Sammelrechnung,Collective billing,de.laser.RefdataValue,y.n,,,,Sammelrechnung,,,,,
Subscription Property,Content data format,Format Inhaltsdaten,Content data format,java.lang.String,,,true,,,,,,,
Subscription Property,Content options,Inhaltsoptionen,Content options,java.lang.String,,,,,Welche inhaltlichen Optionen stehen den Konsorten zur Verfügung?,,,,,
Subscription Property,Content scope,Inhaltszuschnitt,Content scope,java.lang.String,,,,,Welchen inhaltlichen Zuschnitt des Gesamtpakets hat der Teilnehmer lizenziert?,,,,,
Subscription Property,Cost unit,Kostenträger,Cost unit,java.lang.String,,,true,,Wer trägt die Kosten in welchem Umfang?,Who bears the costs and to which extent?,,,,
Subscription Property,Credentials for users (per journal),Zugangskennungen für Nutzer (pro Zeitschrift),Credentials for users (per journal),java.lang.String,,,,,Zugangskennungen für Nutzer (pro Zeitschrift).,,,,,
Subscription Property,Currency,Währung,Currency,java.lang.String,,,,,In welcher Währung erfolgt die Rechnungsstellung zum Produkt?,In which currency has the billing for the product been done?,,,,
Subscription Property,Data delivery: volume,Datenlieferung: Volumen,Data delivery: volume,java.lang.String,,,true,,Umfang der erwarteten Gesamtlieferung / jährlichen Lieferung in GByte,Volume of expected total delivery / yearly delivery in GBytes,,,,
Subscription Property,Data delivery: interval,Datenlieferung: Intervall,Data delivery: interval,java.lang.String,,,true,,Turnus: einmalig am ... / monatlich / jährlich / bei laufenden Zeitschriften regelmäßig,Interval: once at ... / monthly / yearly / regularly at continuous journals,,,,
Subscription Property,Data transfer,Datentransfer,Data transfer,java.lang.String,,,true,,"Festplatte / falls regelmäßig eher FTP, OAI, ..., Standardschnittstellen (Z39.50, SRU/SRW)","Hard disk drive / rather FTP, OAI, ..., standard interfaces (Z39.50, SRU/SRW) if regularly",,,,
Subscription Property,DBIS entry,DBIS-Eintrag,DBIS entry,de.laser.RefdataValue,y.n,,,,Existiert ein DBIS-Eintrag?,,,,,
Subscription Property,DBIS link,DBIS-Link,DBIS link,java.net.URL,,,,,Link zum DBIS-Eintrag.,,,,,
Subscription Property,DBS subject group,DBS Fächergruppe,DBS subject group,de.laser.RefdataValue,dbs.subject.group,,true,,Fächergruppe der DBS nach Fragenummer.,,,,,
Subscription Property,DFG funding,DFG-Förderung,DFG funding,de.laser.RefdataValue,y.n,,,,Ist die Lizenz DFG-gefördert?,,,,,
Subscription Property,DFG funding amount,DFG-Förderung	Höhe,DFG funding amount,java.math.BigDecimal,,,,,In welchem Umfang fördert die DFG die Lizenz (Angabe in %)?,,,,,
Subscription Property,Deep Discount Price,Deep-Discount-Preis,Deep Discount Price,de.laser.RefdataValue,y.n,,,,Bietet der Verlag einen Deep-Discount-Preis für Printabonnements an?,,,,,
Subscription Property,Discount,Rabatt,Discount,java.lang.String,,,,,Höhe des Rabattes.,,,,,
Subscription Property,Distribution,Verbreitung,Distribution,java.lang.String,,,true,,"NL, Allianzlizenz, lokale Lizenzen etc. (mit Datum)","National / alliance / local subscriptions etc. (with date)",,,,
Subscription Property,Due date for volume discount,Mengenrabatt Stichtag,Due date for volume discount,java.util.Date,,,,,Wann ist der Stichtag für die Findung der erreichten Rabattstufe?,,,,,
Subscription Property,Due date for title selection,Titelauswahl (Stichtag),Due date for title selection,java.util.Date,,,,,Bis wann müssen die ausgewählten Titel dem Anbieter gemeldet werden?,Until when must the selected titles be submitted to the provider?,,,,
Subscription Property,eduPersonEntitlement,Entitlement KfL-Portal,Entitlement KfL portal,java.net.URL,,,true,,das Shibboleth-Entitlement,the Shibboleth entitlement,,,,
Subscription Property,Existing consortia,Bestehende Konsortien,Existing consortia,de.laser.RefdataValue,y.n,,,,,,,,,
Subscription Property,EZB Collection Transfer,EZB Kollektionsdatenweitergabe an Drittsysteme erlaubt?,EZB Collection Transfer,de.laser.RefdataValue,y.n,,,,Ist die Kollektionsdatenweitergabe an Drittsysteme erlaubt?,,,,,
Subscription Property,EZB tagging (yellow),EZB Gelbschaltung,EZB tagging (yellow),de.laser.RefdataValue,y.n,,,,Wird eine Gelbschaltung in der EZB vorgenommen?,,,,,
Subscription Property,GASCO display name,GASCO-Anzeigename,GASCO display name,java.lang.String,,,,true,"Dieses Merkmal setzen, um bei Bedarf im GASCO-Monitor einen anderen Lizenznamen anzugeben als in LAS:eR aufgenommen.",,,,,
Subscription Property,GASCO Entry,GASCO-Eintrag,GASCO Entry,de.laser.RefdataValue,y.n,,,true,"Dieses Merkmal als Konsortialstelle auf ""ja"" setzen, um eine Lizenz im GASCO-Monitor aufzunehmen.",,,,,
Subscription Property,GASCO information link,GASCO-Informations-Link,GASCO information link,java.net.URL,,,,true,Unter welchem Link finden sich Informationen zum Produkt?,,,,,
Subscription Property,GASCO negotiator name,GASCO-Verhandlername,GASCO negotiator name,java.lang.String,,,,true,"Dieses Merkmal als Konsortialstelle verwenden, um im GASCO-Monitor einen anderen Verhandlungsführer-Namen anzugeben.",,,,,
Subscription Property,Hosting fee,Hosting-Gebühr,Hosting fee,java.lang.String,,,,,Ist eine Hosting-Gebühr zu entrichten?,,,,,
Subscription Property,Internal distribution model,Internes Verteilungsmodell,Internal distribution model,java.lang.String,,,,,"Wie werden bei interner Kostenverteilung die Kosten für die Teilnehmer berechnet? Gleichmäßige Aufteilung, nutzungsbasiert, nach FTE? Bei mehreren Faktoren: wie wird gewichtet?",,,,,
Subscription Property,Joining during the period,Unterjähriger Einstieg,Joining during the period,de.laser.RefdataValue,y.n,,,,Ist ein unterjähriger Einstieg in die Lizenz möglich?,,,,,
Subscription Property,KBART,KBART,KBART,de.laser.RefdataValue,y.n,,,,Existiert eine KBART-Lieferung?,Does a KBART delivery exist?,,,,
Subscription Property,KfL advisor,KfL-Betreuer,KfL advisor,de.laser.RefdataValue,kfl.advisor,,true,,,,,,,
Subscription Property,License: content data,Vertrag: Inhaltsdaten,License: content data,de.laser.RefdataValue,license.content,,true,,,,,,,
Subscription Property,License: metadata,Vertrag: Metadaten,License: metadata,de.laser.RefdataValue,license.metadata,,true,,Umfasst der Vertrag die Lieferung von Metadaten?,Does the license include the delivery of metadata?,,,,
Subscription Property,License structure,Vertragskonstruktion,License structure,de.laser.RefdataValue,license.structure,,,,Zwischen welchen Vertragspartnern wurde der Vertrag geschlossen?,,,,,
Subscription Property,Metadata Delivery,Metadatenlieferung,Metadata Delivery,de.laser.RefdataValue,y.n,,,,Ist eine automatische Metadatenlieferung vorhanden?,,,,,
Subscription Property,Metadata format,Format Metadaten,Metadata format,java.lang.String,,,true,,,,,,,
Subscription Property,Metadata Source,Metadaten Quelle,Metadata Source,java.lang.String,,,,,Über welche Quelle können die Metadaten bezogen werden?,,,,,
Subscription Property,Metadata URL,Metadaten-URL,Metadata URL,java.net.URL,,,,,Über welche URL können Metadaten abgerufen werden?,Which URL can be called in order to retrieve metadata?,,,,
Subscription Property,Newcomer discount,Neueinsteigerrabatt,Newcomer discount,de.laser.RefdataValue,y.n,,,,Existiert ein zusätzlicher Neueinsteigerpreis?,,,,,
Subscription Property,Langzeitarchivierung,Langzeitarchivierung,Long-Term archiving,de.laser.RefdataValue,y.n,,,,,,,,,
Subscription Property,OA content receiver,OA - Auslieferung der OA-Inhalte: Empfänger,OA – delivery of OA content: receiver,de.laser.RefdataValue,oa.content.receiver,,true,,Wohin liefert der Verlag die OA-Inhalte aus?,Where does the editor deliver the OA contents?,,,,
Subscription Property,OA delivery interface,OA - Auslieferung der OA-Inhalte: Schnittstellen,OA – delivery of OA content: interfaces,java.lang.String,,,,,Welche Schnittstellen zum Abruf der OA-Inhalte bietet der Verlag an?,Which interfaces are being provided to fetch OA data?,,,,
Subscription Property,OA author identification,OA - Autorenidentifikation,OA - author identification,de.laser.RefdataValue,oa.author.identification,,true,,Aussagen über die Vorgaben zur Autorenidentifikation,Statements about the presets for author identification.,,,,
Subscription Property,OA calculation model,OA - Berechnungsmodell,OA - calculation model,java.lang.String,,,,,Aussagen über das Berechnungs-/Geschäftsmodell,Statements about the calculation/business model,,,,
Subscription Property,OA authorized authors,OA - berechtigte Autor*innen,OA - authorized authors,java.lang.String,,,,,Welche Autor*innen können die OA-Publikationsrechte aus der Lizenz nutzen?,Which authors may use the OA publication rights from the subscription?,,,,
Subscription Property,OA change of author affiliation,OA - berechtigte Autor*innen/ Sonderregelung bei Wechsel der Autoren-Affiliation,OA - authorized authors/ special regulations on author affiliation change,de.laser.RefdataValue,oa.time.moment,,,,Welcher Zeitpunkt ist maßgeblich für die Berechtigung im Rahmen der verhandelten Bedingungen bei Wechsel des Corresponding Authors zu einer anderen Affiliation?,Which moment counts for the authorization within the negotiated circumstances at a change of the corresponding author to another affiliation?,,,,
Subscription Property,OA authorized institutions,OA - berechtigte Einrichtungen,OA – authorized institutions,java.lang.String,,,,,Welche Einrichtungen können an der Publish-Komponente des Konsortiums teilnehmen?,Which institutions may participate at the publish component of the consortium?,,,,
Subscription Property,OA publications,OA - Erfasste Publikationen,OA - affected publications,java.lang.String,,,,,Für welchen Teil des Portfolios des Anbieters gelten die Konditionen?,For which part of the provider's portfolio do the conditions hold?,,,,
Subscription Property,OA publication types,OA - Erfasste Publikationsarten,OA – affected publication types,java.lang.String,,,,,Welche Arten von Publikationen fallen unter die OA-Rechte?,Which kinds of publications are among the OA rights?,,,,
Subscription Property,OA funding note,OA - Funding Note,OA - funding note,java.lang.String,,,,,Gibt es Vorgaben für die Open Access Funding Note (Wortlaut und/oder Platzierung)?,Are there presets for the Open Access funding note (wording and/or placement)?,,,,
Subscription Property,OA metadata marking,OA - Kennzeichnung in Metadaten,OA - marking in metadata,de.laser.RefdataValue,y.n.o,,,,Werden über die Lizenz OA-publizierte Inhalte in den Metadaten als OA-Materialien gekennzeichnet?,Are contents published via the license marked in the metadata as OA materials?,,,,
Subscription Property,OA contingents,OA - Kontingente,OA – contingents,java.lang.String,,,,,"Artikel, deren OA-Veröffentlichung bereits in der Lizenzgebühr enthalten ist, z.B. bei Offsetting-Verträgen.","Articles, whose OA publishing is already covered by the subscription fee, e.g. for offsetting agreements",,,,
Subscription Property,OA type,OA - Open-Access-Typ,OA - open access type,de.laser.RefdataValue,license.oa.type,,true,,"Grundlegendes Merkmal, ob eine Lizenz bzw. ein Titel eine Open-Access-Komponente enthält (gold: OA-Publikation in einer reinen OA-Zeitschrift; grün: Zweitveröffentlichungsrecht; Hybrid: OA-Publikation in einer Subskriptionszeitschrift)","Base property, whether a subscription resp. a title contains an open access component (gold: OA publication in a pure OA journal; green: second publication right; hybrid: OA publication in a subscription journal)",,,,
Subscription Property,OA publication report,OA - Publikations-Report,OA - publication report,de.laser.RefdataValue,oa.publishing.timespan,,,,Bietet der Verlag ein Reporting für die OA-Publikation für diese Lizenz?,Does the editor offer a reporting of the OA publication for this subscription?,,,,
Subscription Property,OA publication report delivery,OA - Publikations-Report Lieferweg,OA - publication report delivery,de.laser.RefdataValue,oa.publishing.report.delivery,,,,Wie werden Reports zu OA-Publikationen zur Verfügung gestellt?,How are reports about OA publications being delivered?,,,,
Subscription Property,OA publication report opt-out,OA - Publikations-Report Opt-out,OA - publication report opt-out,de.laser.RefdataValue,oa.publishing.timespan,,,,Gibt es einen Report über Artikel bei denen Autor*innen die Opt-out-Option gewählt haben?,Is there a report about articles where the authors selected the opt-out option?,,,,
Subscription Property,OA publication funder,OA - Publikationsförderer,OA - publication funders,java.lang.String,,,,,Aussage über Geldgeber für die Publikation,Statement about funders for the publication,,,,
Subscription Property,OA publication licensing,OA - Publikationslizenz,OA - publication licensing,de.laser.RefdataValue,license.oa.license.to.publish,,true,,Welche OA-Lizenz kann für Publikationen im Rahmen der OA-Komponente genutzt werden?,Which OA licensing may be used for publication within the OA component?,,,,
Subscription Property,OA publication licensing exceptions,OA - Publikationslizenz Ausnahmen,OA - publication licensing exceptions,java.lang.String,,,,,In welchen Fällen ist abweichend von der in der Lizenz festgeschriebenen OA-Lizenz die Wahl einer anderen Publikationslizenz durch Autor*innen möglich? (z.B. Vorgaben von Forschungsförderern),In which cases is it possible for authors to select a publication licensing different from the OA licensing prescribed by the subscription (e.g. presets by research funders)?,,,,
Subscription Property,OA publication administration platform link,OA - Publikationsverwaltungsplattform Link,OA - publication administration platform link,java.net.URL,,,,,"Wie kann auf das vom Verlag zur Verfügung gestellte Portal zugegriffen werden, in welchem eingereichte/akzeptierte Publikationen als unter dieser Lizenz berechtigt oder nicht berechtigt gekennzeichnet werden können?","How can the portal the editor provided being accessed, within which submitted/approved publications may be marked as authorised or not authorised by this subscription?",,,,
Subscription Property,OA publication administration platform responsible party,OA - Publikationsverwaltungsplattform Zuständigkeit,OA - responsible party for publication administration platform,de.laser.RefdataValue,oa.responsible.party,,,,"Wer ist für die Autorenvalidierung, bzw. die Verifikation der eingereichten/akzeptierten Publikation gegenüber dem Anbieter verantwortlich?",Who is responsible to the provider for the author validation resp. the verification of the submitted/approved publication?,,,,
Subscription Property,OA consortia billing,OA - Rechnungsstellung an Konsorten,OA - billing to consortia member,de.laser.RefdataValue,oa.responsible.party,,,,Wer ist für die Abrechnung der Publish-Komponente gegenüber den teilnehmenden Einrichtungen verantwortlich?,Who is responsible to the members for the billing of the publish component?,,,,
Subscription Property,OA rights claiming moment,OA - Relevanter Zeitpunkt für Inanspruchnahme der Rechte,OA - relevant moment for rights claiming,de.laser.RefdataValue,oa.time.moment,,,,"Zeitpunkt im Veröffentlichungsprozess, der ausschlaggebend ist, damit ein Artikel dem Zeitraum zugerechnet wird, für den die Publikationsrechte gelten.",Moment in the process of publishing which counts for the assignment of the article to a timespan within which the publication rights hold,,,,
Subscription Property,OA author identification workflow,OA - Workflow zur Identifikation der Autor*innen,OA - workflow for identification of authors,java.lang.String,,,,,"Verfahrensbeschreibung zum Ablauf der Identifikation von Autoren, Verantwortlichkeiten benennen","Description of procedure to identify authors, name responsibilities",,,,
Subscription Property,OA gold start,OA - Zeitraum Gold: Start,OA - gold timespan start,java.util.Date,,,,,"Wann beginnt der Zeitraum, innerhalb dessen die Publikationsrechte für goldene Open-Access-Zeitschriften gelten?",When does the timespan start within which the publication rights for golden open access journals hold?,,,,
Subscription Property,OA gold end,OA - Zeitraum Gold: Ende,OA - gold timespan end,java.util.Date,,,,,"Wann endet der Zeitraum, innerhalb dessen die Publikationsrechte für goldene Open-Access-Zeitschriften gelten?",When does the timespan end within which the publication rights for gold open access journals hold?,,,,
Subscription Property,OA hybrid start,OA - Zeitraum Hybrid: Start,OA - hybrid timespan start,java.util.Date,,,,,"Wann beginnt der Zeitraum, innerhalb dessen die Publikationsrechte für hybride Zeitschriften gelten?",When does the timespan start within which the publication rights for hybrid open access journals hold?,,,,
Subscription Property,OA hybrid end,OA - Zeitraum Hybrid: Ende,OA - hybrid timespan end,java.util.Date,,,,,"Wann endet der Zeitraum, innerhalb dessen die Publikationsrechte für hybride Zeitschriften gelten?",When does the timespan end within which the publication rights for hybrid open access journals hold?,,,,
Subscription Property,Offer extended (cost neutral),Erweitertes Angebot (kostenneutral),Offer extended (cost neutral),java.lang.String,,,true,,,,,,,
Subscription Property,Offer subscribed,Lizenziertes Angebot,Offer subscribed,java.lang.String,,,true,,,,,,,
Subscription Property,Open country-wide,Bundesweit offen,Open country-wide,de.laser.RefdataValue,y.n,,,,Hat die Lizenz eine überregionale Ausrichtung?,,,,,
Subscription Property,Order number in purchasing system,Bestellnummer im Erwerbungssystem,Order number in purchasing system,java.lang.String,,,,,Bestellnummer im Erwerbungssystem.,,,,,
Subscription Property,Partial payment,Teilzahlung,Partial payment,de.laser.RefdataValue,y.n,,,,Ist bei der Lizenz eine Teilzahlung der Rechnung vorgesehen?,Is a partial payment of bills intended in this subscription?,,,,
Subscription Property,Payment target,Zahlungsziel,Payment target,java.lang.String,,,,,Wieviele Tage sind bis zum Zahlungsziel gegeben?,,,,,
Subscription Property,PDA/EBS model,PDA/EBS-Programm,PDA/EBS model,java.lang.String,,,,,"Basiert die Lizenz auf einem PDA-, EBS- oder EBA-Modell?",,,,,
Subscription Property,Perennial term,Mehrjahreslaufzeit,Perennial term,de.laser.RefdataValue,y.n,,,,Ist für die Lizenz eine Mehrjahreslaufzeit entschieden?,Has a multi-year term been decided for the subscription?,,,,
Subscription Property,Perpetual access,Archivzugriff,Perpetual access,de.laser.RefdataValue,y.n,,,,Gibt es einen Archivzugriff?,,,,,
Subscription Property,Pick&Choose package,Pick&Choose-Paket,Pick&Choose package,java.lang.String,,,,,Handelt es sich um ein Paket mit Einzeltitelauswahl (Pick & Choose)?,,,,,
Subscription Property,Price advantage kind,Preisvorteil Art,Price advantage kind,java.lang.String,,,true,,Was für einen Preisvorteil gibt es?,,,,,
Subscription Property,Price category,Preiskategorie,Price category,java.lang.String,,,true,,Lizenzbezogene Preiskategorie einer teilnehmenden Einrichtung,Subscription-related price category of a participating institution,,,,
Subscription Property,Price category Bautechnik digital,Preiskategorie Bautechnik digital,Price category Bautchnik digital,de.laser.RefdataValue,category.bautabellen,,,,Preiskategorie ist abhängig von der Studierendenzahl im Bauwesen,Price category depends on the count of students in constructions,,,,
Subscription Property,Price depending on,Preis abhängig von,Price depending on,java.lang.String,,,true,,Ist der Preis von etwas abhängig?,,,,,
Subscription Property,Price increase,Preissteigerung,Price increase,java.lang.String,,,,,Preissteigerung.,,,,,
Subscription Property,Price rounded,Preis gerundet,Price rounded,de.laser.RefdataValue,y.n,,,,Wird der Preis gerundet?,Is the price rounded?,,,,
Subscription Property,Pricing advantage by licensing of another product,Preisvorteil durch weitere Produktteilnahme,Pricing advantage by licensing of another product,de.laser.RefdataValue,y.n,,,,Kann durch die Lizenzierung eines weiteren Produktes ein Preisvorteil gesichert werden?,,,,,
Subscription Property,Private institutions,Private Einrichtungen,Private institutions,de.laser.RefdataValue,y.n,,,,Dürfen auch private Einrichtungen an der Lizenz teilnehmen?,,,,,
Subscription Property,Product dependency,Produktabhängigkeit,Product dependency,de.laser.RefdataValue,y.n,,,,Ist die Lizenz von einem anderen Produkt abhängig?,,,,,
Subscription Property,Rabatt des Teilnehmers,Rabatt des Teilnehmers,Member discount,java.lang.String,,,,,Höhe des Rabattes des Teilnehmers,Amount of member discount,,,,
Subscription Property,Remote-Zugriff,Remote-Zugriff,Remote Access,de.laser.RefdataValue,y.n.o,,,,"Aussagen darüber, inwieweit autorisierte Nutzer über Remote Access auf lizenziertes Material zugreifen dürfen.",The right of an authorized user to gain access to an Electronic Product from an offsite location.,,,,
Subscription Property,Restricted user group,Eingeschränkter Benutzerkreis,Restricted user group,java.lang.String,,,,,Welche Einschränkung des Benutzerkreises gibt es?,,,,,
Subscription Property,reverse charge,Reverse charge,reverse charge,de.laser.RefdataValue,y.n,,,,Unterliegt die Lizenz dem reverse charge?,,,,,
Subscription Property,Scale of discount,Rabattstaffel,Scale of discount,java.lang.String,,,,,Wie sieht die Rabattstaffel für die Lizenz aus?,,,,,
Subscription Property,SFX entry,SFX-Eintrag,SFX entry,de.laser.RefdataValue,y.n,,,,Gibt es einen SFX-Eintrag?,,,,,
Subscription Property,Sim-User Number,Simultannutzer Zahl,Sim-User Number,de.laser.RefdataValue,sim.user.number,,,,Wie viele gleichzeitige Nutzerzugriffe umfasst die Lizenz?,How many users may access the subscription at the same time?,,,,
Subscription Property,Simuser,Simuser,Simultannutzer,de.laser.RefdataValue,y.n,,,,Sind die Simultannutzer relevant für die Preisbestimmung?,,,,,
Subscription Property,SIS,FID,SIS,java.lang.String,,,true,,,,,,,
Subscription Property,SIS - access extensions,FID - Zugriffserweiterungen / -ergänzungen,SIS - access extensions/completions,de.laser.RefdataValue,sis.access.extensions,,true,,"Hier könnten Zugriffserweiterungen/-ergänzungen wie der Zugriff auf Backfiles oder jährliche Ergänzungen eines E-Book-Paketes angegeben werden.","Access extensions resp. completions like the access to back files or yearly completions of an e-book package could be entered here.",,,,
Subscription Property,SIS - access limitation,FID - Zugriffsbeschränkung,SIS - access limitation,de.laser.RefdataValue,y.n,,,,"Hiermit wird festgelegt, ob im Erwerbungsmodell eine grundsätzliche Einschränkung zur Bereitstellungsart des konkreten Produkts vorgesehen ist, also z. B. für Tokens nur eine bestimmte Anzahl zur Verfügung steht, die jedoch von Nutzern nach dem für das Produkt definierten Nutzerkreis genutzt werden können","This determines whether the purchase model allows a general limitation of the kind of presentation of the actual product, e.g. for tokens only a certain amount, which may be used by the users for the user group defined for the product",,,,
Subscription Property,SIS - active user participation,FID - Aktive Beteiligung der Nutzer an der Lizenzierungsentscheidung,SIS - active participation of users at decision about subscribing,de.laser.RefdataValue,y.n,,,,"Es besteht die Möglichkeit der Nutzer, sich aktiv an der Erwerbungsentscheidung zu beteiligen",There is the possibility for users to participate actively at the decision of purchasing,,,,
Subscription Property,SIS authentication,FID-Authentifizierung,SIS authentication,de.laser.RefdataValue,sis.authentication,,true,,,,,,,
Subscription Property,SIS-basics conformity,FID-Grundsätze konform: Kommentar,SIS-basics conformity: comment,java.lang.String,,,true,,,,,,,
Subscription Property,SIS-basics conformity: content data,FID-Grundsätze konform: Inhaltsdaten,SIS-basics conformity: content data,de.laser.RefdataValue,y.n.r,,,,,,,,,
Subscription Property,SIS-basics conformity: hosting/archiving,FID-Grundsätze konform: Hosting/Archiving,SIS-basics conformity: hosting/archiving,de.laser.RefdataValue,y.n.r,,,,,,,,,
Subscription Property,SIS-basics conformity: metadata,FID-Grundsätze konform: Metadaten,SIS-basics conformity: metadata,de.laser.RefdataValue,y.n.r,,,,,,,,,
Subscription Property,SIS-basics conformity: open access,FID-Grundsätze konform: Open Access,SIS-basics conformity: open access,de.laser.RefdataValue,y.n.r,,,,Nicht relevant: hier bezogen auf OA grün!,Not relevant: refers here to green OA!,,,,
Subscription Property,SIS-basics conformity: total,FID-Grundsätze konform: Insgesamt,SIS-basics conformity: total,de.laser.RefdataValue,y.n.l,,,,,,,,,
Subscription Property,SIS-basics conformity: usage statistics,FID-Grundsätze konform: Nutzungsstatistiken,SIS-basics conformity: usage statistics,de.laser.RefdataValue,y.n.r,,,,,,,,,
Subscription Property,SIS-basics conformity: value-added services,FID-Grundsätze konform: Mehrwertdienste,SIS-basics conformity: value-added services,de.laser.RefdataValue,y.n.r,,,,,,,,,
Subscription Property,SIS business model - base type,FID-Geschäftsmodell - Grundtyp,SIS business model - base type,de.laser.RefdataValue,sis.business.model.base,,true,,,,,,,
Subscription Property,SIS business model - attribute 1,FID-Geschäftsmodell - Attribute 1,SIS business model - Attribute 1,de.laser.RefdataValue,sis.business.model.attr1,,true,,,,,,,
Subscription Property,SIS business model - attribute 2,FID-Geschäftsmodell - Attribute 2,SIS business model - Attribute 2,de.laser.RefdataValue,sis.business.model.attr2,,true,,,,,,,
Subscription Property,SIS - cost sharing,FID - Kostenbeteiligung,SIS - cost sharing,de.laser.RefdataValue,sis.cost.sharing,,true,,"Bildet ab, ob eine Beteiligung weiterer FIDs oder Institutionen an den Lizenzierungskosten eines Produktes vorgesehen ist","Shows whether a sharing of subscription costs for a certain product with further SISs or institutions is intended",,,,
Subscription Property,SIS hosting,FID-Hosting,SIS hosting,de.laser.RefdataValue,sis.hosting,,true,,,,,,,
Subscription Property,SIS IP address,FID-IP-Adresse,SIS IP address,java.lang.String,,,true,,beim Anbieter freizuschaltende IP-Adresse. Hinweis: falls nicht die reguläre IP der Proxyinstanz,IP address which has to be activated at the provider. Advice: if not the regular IP of proxy instance,,,,
Subscription Property,SIS - JIRA-tasks,FID - JIRA-Tasks,SIS - JIRA-Tasks,java.net.URL,,,true,,,,,,,
Subscription Property,SIS - kind of purchased access rights,FID - Art der erworbenen Zugriffsrechte,SIS - kind of purchaes access rights,de.laser.RefdataValue,sis.access.kind,,,,Bestimmt die Qualität der Zugriffsrechte,Determines the quality of access rights,,,,
Subscription Property,SIS license status,FID-Verhandlungsstatus,SIS negotiation status,de.laser.RefdataValue,sis.license.status,,true,,,,,,,
Subscription Property,SIS package example URL,FID-Beispiel-URL bei Paketen,SIS package example URL,java.net.URL,,,true,,Beispiel-URL beim Anbieter zum Testen; evtl. auch mehrere bei unterschiedlicher Struktur oder verschiedenen Domänen,Example URL at provider to test; there may also be several ones when structure varies or domains differ,,,,
Subscription Property,SIS pricing model,FID-Preismodell,SIS pricing model,de.laser.RefdataValue,sis.pricing.model,,true,,,,,,,
Subscription Property,SIS - product type,FID - Produktart,SIS - product type,de.laser.RefdataValue,sis.product.type,,true,,"Produkttyp, für den die Erwerbungsart besonders geeignet ist",Type of product which is particularly suitable for this kind of purchase,,,,
Subscription Property,SIS proof,FID-Nachweis,SIS proof,de.laser.RefdataValue,sis.proof,,true,,,,,,,
Subscription Property,SIS proxy,FID-Proxy,SIS proxy,java.net.URL,,,true,,URL des Proxy (mit Link zur Proxyseite),URL of proxy (with link to proxy site),,,,
Subscription Property,SIS proxy URL,FID-URL über Proxy,SIS proxy URL,java.net.URL,,,true,,URL bei Zugang über Proxy (wichtig bei Zugang über HAN),URL upon access via proxy (important when accessing via HAN),,,,
Subscription Property,SIS proxy config status,FID-Proxykonfig-Status,SIS proxy config status,de.laser.RefdataValue,sis.proof.config.status,,true,,,,,,,
Subscription Property,SIS - rejection reason,FID - Grund für Nichtzustandekommen,SIS - rejection reason,de.laser.RefdataValue,sis.rejection.reason,,true,,,,,,,
Subscription Property,SIS - test access,FID - Testzugriff,SIS - test access,de.laser.RefdataValue,y.n,,,,"Verlängerter Testzugang der FID-Nutzergruppe, für den ggf. auch eine Vergütung erfolgt. Dabei handelt es sich ausdrücklich nicht um die üblichen Trials von z. B. 30 Tagen, sondern einen längeren Zeitraum, der es den FID ermöglicht, eine auf konkreten Daten gestützte Erwerbungsentscheidung zu treffen",Extended test access of the SIS user group for which there may be also a remuneration. It is explicitely not about the usual trials of e.g. 30 days but about a longer span of time which enables the SIS to take a purchase decision based on actual data,,,,
Subscription Property,SIS user group,FID-Nutzerkreis,SIS user group,de.laser.RefdataValue,sis.user.group,,true,,,,,,,
Subscription Property,SIS user group model - base type,FID-Nutzerkreismodell - Grundtyp,SIS user group model - base type,de.laser.RefdataValue,sis.user.group.base,,true,,,,,,,
Subscription Property,SIS user group model - attribute 1,FID-Nutzerkreismodell - Attribute 1,SIS user group model - Attribute 1,de.laser.RefdataValue,sis.user.group.attr1,,true,,,,,,,
Subscription Property,SIS user group model - attribute 2,FID-Nutzerkreismodell - Attribute 2,SIS user group model - Attribute 2,de.laser.RefdataValue,sis.user.group.attr2,,true,,,,,,,
Subscription Property,S2O,S2O,S2O,de.laser.RefdataValue,y.n,,,,Um Lizenzen zu kennzeichnen, die im Subscribe to Open Modell erscheinen.,To denote licenses appearing in the subscribe to open model.,,,,
Subscription Property,Sound quality,Klangqualität,Sound quality,de.laser.RefdataValue,sound.quality,,,,Die Klangqualität der lizensierbaren Medien,The sound quality of the subscribable media,,,,
Subscription Property,Specialised statistics / classification,Fachstatistik / Klassifikation,Specialised statistics / classification,java.lang.String,,,true,,Fachstatistik / Klassifikation,,,,,
Subscription Property,Statistic,Statistik,Statistic,java.lang.String,,,,,,,,,,
Subscription Property,Statistic access,Statistikzugang,Statistic access,java.lang.String,,,,,Mit welchen Zugangsdaten können die Statistiken abgerufen werden?,With which credentials may the statistics be fetched?,,,,
Subscription Property,Statistics Link,Statistik-Link,Statistics Link,java.net.URL,,,,,Über welchen Link können die Statistiken abgerufen werden?,,,,,
Subscription Property,Status: Content data delivery,Status: Inhaltsdaten Lieferungen,Status: Content data delivery,de.laser.RefdataValue,delivery.status,,true,,Haben wir alle zu erwartenden Lieferungen erhalten oder stehen noch Lieferungen aus?,Do we have all expected deliveries or are still some awaited?,,,,
Subscription Property,Status: Metadata delivery,Status: Metadaten Lieferungen,Status: Metadata delivery,de.laser.RefdataValue,delivery.status,,true,,Haben wir alle zu erwartenden Lieferungen erhalten oder stehen noch Lieferungen aus?,Do we have all expected deliveries or are still some awaited?,,,,
Subscription Property,Status: Metadata editing,Status: Metadaten Bearbeitung,Status: Metadata editing,de.laser.RefdataValue,delivery.edit.status,,true,,"Ist die Bearbeitung sämtlicher Metadaten bereits abgeschlossen? *fertig = Daten konvertiert, eingespielt und ausgeliefert","Is the editing of all metadata already finished? *finished = data converted, inserted and delivered",,,,
Subscription Property,Subscription number of editor,Subskriptionsnummer des Verlags,Subscription number of editor,java.lang.String,,,true,,Subskriptionsnummer des Verlags.,,,,,
Subscription Property,Subscription number of provider,Subskriptionsnummer des Lieferanten,Subscription number of provider,java.lang.String,,,true,,Subskriptionsnummer des Lieferanten.,,,,,
Subscription Property,Take Over Titles,Take-Over-Titel,Take Over Titles,java.lang.String,,,,,Bedingungen für während der Vertragslaufzeit vom Verlag übernommene oder neu veröffentlichte Titel.,,,,,
Subscription Property,Tax exemption,Steuerbefreiung,Tax exemption,de.laser.RefdataValue,y.n,,,,Liegt eine Steuerbefreiung für die Lizenz vor?,,,,,
Subscription Property,Term of notice,Kündigungsfrist,Term of notice,de.laser.RefdataValue,y.n,,,,Kündigungsfrist.,,,,,
Subscription Property,Terms and conditions relevance,AGBs relevant,Terms and conditions relevance,de.laser.RefdataValue,y.n,,,,AGBs relevant?,,,,,
Subscription Property,Time of billing,Rechnungszeitpunkt,Time of billing,java.lang.String,,,,,Zeitpunkt der Rechnung.,Time of billing.,,,,
Subscription Property,Time span for testing,Testzeitraum,Time span for testing,java.lang.String,,,,,Wie lange ermöglicht der Anbieter einen kostenfreien Testzugriff?,,,,,
Subscription Property,ZDB entry,ZDB-Eintragung,ZDB entry,de.laser.RefdataValue,y.n.o,,,,Ist eine Eintragung in der ZDB erforderlich?,,,,,
Survey Property,Participation,Teilnahme,Participation,de.laser.RefdataValue,y.n,,,,Wollen Sie an der Lizenz teilnehmen?,Do you want to license the license?,,,,
Survey Property,Interested,Interessiert,Interested,de.laser.RefdataValue,y.n,,,,Sind Sie generell interessiert?,Are you generally interested?,,,,
Survey Property,Access choice remote,Zugangswahl Remote,Access choice remote,de.laser.RefdataValue,access.choice.remote,,,,"Bitte geben Sie hier an, ob Sie 2FA,Zugang für Wissenschaftler oder kein remote Zugang wünschen?","Please indicate here whether you want 2FA,access for scientists or no remote access?",,,,
Survey Property,Beck Price Category A-F,Preiskategorie Beck,Price category Beck,de.laser.RefdataValue,category.a.f,,,,"Bitte geben Sie an, in welche Preis-Kategorie Ihre Einrichtung fällt. Diese können Sie den Preistabellen entnehmen. A-C jeweils Uni mit und ohne Jurastutenten; D-F FH mit und ohne Jura und sonstige Einrichtungen.",Please indicate which price category your facility falls into. These can be found in the price tables. A-C each Uni with and without lawyers; D-F FH with and without law and other facilities.,,,,
Survey Property,Bautabellen Preiskategorie,Preiskategorie Bautabellen,Price category Bautabellen,de.laser.RefdataValue,category.bautabellen,,,,Preiskategorie ist abhängig von der Studierendenzahl im Bauwesen,The price category depends on the number of students in construction engineering,,,,
Survey Property,Price category,Preiskategorie,Price category,java.lang.String,,,true,,Lizenzbezogene Preiskategorie einer teilnehmenden Einrichtung,Subscription-related price category of a participating institution,,,,
Survey Property,Price category Euromonitor,Preiskategorie Euromonitor,Price category Euromonitor,de.laser.RefdataValue,category.euromonitor,,,,"Bitte geben Sie an, in welche Preis-/Einrichtungs-Kategorie Ihre Einrichtung fällt. Die im Falle der Universitäten und Fachhochschulen relevanten FTE beziehen sich auf die FTE-Zahl der nutzenden Gruppe, nicht auf die gesamten FTE der Bildungseinrichtung.","Please indicate which price category your facility falls into. The number of FTE relevant in the case of universities and high schools refer to the number of FTEs in the using group, not to the total FTE of the facility.",,,,
Survey Property,Price category IGI,Preiskategorie IGI InfoSci Journals,Price category IGI InfoSci Journals,de.laser.RefdataValue,category.igi,,,,"Bitte geben Sie an, in welche Preis-Kategorie Ihre Einrichtung fällt.",Please indicate which price category your facility falls into.,,,,
Survey Property,Price category juris,Preiskategorie juris,Price category juris,de.laser.RefdataValue,category.juris,,,,Dies ist Ihre mit der juris GmbH abgestimmte Preisgruppe. Bitte melden Sie sich bei Änderungen der FTEs und der Studiengänge.,This is your with juris GmbH concluded price group. Please notify changes in FTEs and degree programmes.,,,,
Survey Property,Price category UNWTO,Preiskategorie UNWTO,Price category UNWTO,de.laser.RefdataValue,category.unwto,,,,"Bitte geben Sie an, in welche Preis-Kategorie Ihre Einrichtung fällt.",Please indicate which price category your facility falls into.,,,,
Survey Property,Price category World Bank,Preiskategorie World Bank,Price category World Bank,de.laser.RefdataValue,category.world.bank,,,,"Bitte geben Sie an, in welche Preis-Kategorie Ihre Einrichtung fällt.",Please indicate which price category your facility falls into.,,,,
Survey Property,Content scope,Inhaltszuschnitt,Content scope,java.lang.String,,,,,Welchen inhaltlichen Zuschnitt des Gesamtpakets hat der Teilnehmer lizenziert?,,,,,
Survey Property,Multi-year term 2 years,Mehrjahreslaufzeit 2 Jahre,Multi-year term 2 years,de.laser.RefdataValue,y.n,,,,"Bitte geben Sie hier an, ob Sie eine Lizenzierung direkt für zwei Jahre wünschen.","Please indicate here, if you wish a licensing directly for two years.",,,,
Survey Property,Multi-year term 3 years,Mehrjahreslaufzeit 3 Jahre,Multi-year term 3 years,de.laser.RefdataValue,y.n,,,,"Bitte geben Sie hier an, ob Sie eine Lizenzierung direkt für drei Jahre wünschen.","Please indicate here, if you wish a licensing directly for three years.",,,,
Survey Property,Multi-year term 4 years,Mehrjahreslaufzeit 4 Jahre,Multi-year term 4 years,de.laser.RefdataValue,y.n,,,,"Bitte geben Sie hier an, ob Sie eine Lizenzierung direkt für vier Jahre wünschen.","Please indicate here, if you wish a licensing directly for four years.",,,,
Survey Property,Multi-year term 5 years,Mehrjahreslaufzeit 5 Jahre,Multi-year term 5 years,de.laser.RefdataValue,y.n,,,,"Bitte geben Sie hier an, ob Sie eine Lizenzierung direkt für fünf Jahre wünschen.","Please indicate here, if you wish a licensing directly for five years.",,,,
Survey Property,Sim-User Number,Simultannutzer Zahl,Sim-User Number,de.laser.RefdataValue,sim.user.number,,,,Wie viele gleichzeitige Nutzerzugriffe wollen Sie lizenzieren?,How many simultaneous user accesses do you want to license?,,,,
Survey Property,Sound quality,Klangqualität,Sound quality,de.laser.RefdataValue,sound.quality,,,,Die Klangqualität der lizensierbaren Medien,The sound quality of the subscribable media,,,,
Survey Property,Time of billing,Rechnungszeitpunkt,Time of billing,java.lang.String,,,,,Zeitpunkt der Rechnung,Time of billing,,,,
Survey Property,Order number,Auftragsnummer,Order Number,java.lang.String,,,,,Hier können Sie eine Auftrags-/Bestellnummer zwecks Rechnungszuordnung an die Konsortialstelle übermitteln.,Here you can send an order number to the consortium for the purpose of allocating the invoice.,,,,